name,price,currency,time
Mirror of Kalandra,1180,divine,1711642273.2110453
Mirror of Kalandra,1180,divine,1711642582.122181
Mirror of Kalandra,1182,divine,1711642582.122181
Mirror of Kalandra,1183,divine,1711642582.122181
Mirror of Kalandra,1185,divine,1711642582.122181
Mirror of Kalandra,1185,divine,1711642582.122181
Mirror of Kalandra,1190,divine,1711642582.122181
Mirror of Kalandra,1190,divine,1711642582.122181
Mirror of Kalandra,1190,divine,1711642582.122181
Mirror of Kalandra,1190,divine,1711642582.122181
Mirror of Kalandra,1190,divine,1711642582.122181
Divine Orb,1,divine,1711642583.7765543
Divine Orb,280,chaos,1711642583.7765543
Divine Orb,289,chaos,1711642583.7765543
Divine Orb,290,chaos,1711642583.7765543
Divine Orb,290,chaos,1711642583.7765543
Divine Orb,290,chaos,1711642583.7765543
Divine Orb,294,chaos,1711642583.7765543
Divine Orb,295,chaos,1711642583.7765543
Divine Orb,295,chaos,1711642583.7765543
Divine Orb,295,chaos,1711642583.7765543
Mirror of Kalandra,1180,divine,1711642596.3793988
Mirror of Kalandra,1182,divine,1711642596.3793988
Mirror of Kalandra,1183,divine,1711642596.3793988
Mirror of Kalandra,1185,divine,1711642596.3793988
Mirror of Kalandra,1185,divine,1711642596.3793988
Mirror of Kalandra,1190,divine,1711642596.3793988
Mirror of Kalandra,1190,divine,1711642596.3793988
Mirror of Kalandra,1190,divine,1711642596.3793988
Mirror of Kalandra,1190,divine,1711642596.3793988
Mirror of Kalandra,1190,divine,1711642596.3793988
Divine Orb,1,divine,1711642597.8047209
Divine Orb,280,chaos,1711642597.8047209
Divine Orb,289,chaos,1711642597.8047209
Divine Orb,290,chaos,1711642597.8047209
Divine Orb,290,chaos,1711642597.8047209
Divine Orb,290,chaos,1711642597.8047209
Divine Orb,294,chaos,1711642597.8047209
Divine Orb,295,chaos,1711642597.8047209
Divine Orb,295,chaos,1711642597.8047209
Divine Orb,295,chaos,1711642597.8047209
Mirror of Kalandra,1180,divine,1711642776.1288836
Mirror of Kalandra,1182,divine,1711642776.1288836
Mirror of Kalandra,1183,divine,1711642776.1288836
Mirror of Kalandra,1185,divine,1711642776.1288836
Mirror of Kalandra,1185,divine,1711642776.1288836
Mirror of Kalandra,1190,divine,1711642776.1288836
Mirror of Kalandra,1190,divine,1711642776.1288836
Mirror of Kalandra,1190,divine,1711642776.1288836
Mirror of Kalandra,1190,divine,1711642776.1288836
Mirror of Kalandra,1190,divine,1711642776.1288836
Divine Orb,1,divine,1711642777.3971694
Divine Orb,270,chaos,1711642777.3971694
Divine Orb,280,chaos,1711642777.3971694
Divine Orb,280,chaos,1711642777.3971694
Divine Orb,289,chaos,1711642777.3971694
Divine Orb,290,chaos,1711642777.3971694
Divine Orb,290,chaos,1711642777.3971694
Divine Orb,290,chaos,1711642777.3971694
Divine Orb,294,chaos,1711642777.3971694
Divine Orb,295,chaos,1711642777.3971694
Mirror of Kalandra,1180,divine,1711642921.3418908
Mirror of Kalandra,1182,divine,1711642921.3418908
Mirror of Kalandra,1183,divine,1711642921.3418908
Mirror of Kalandra,1185,divine,1711642921.3418908
Mirror of Kalandra,1185,divine,1711642921.3418908
Mirror of Kalandra,1190,divine,1711642921.3418908
Mirror of Kalandra,1190,divine,1711642921.3418908
Mirror of Kalandra,1190,divine,1711642921.3418908
Mirror of Kalandra,1190,divine,1711642921.3418908
Mirror of Kalandra,1190,divine,1711642921.3418908
Divine Orb,1,divine,1711642922.6171782
Divine Orb,270,chaos,1711642922.6171782
Divine Orb,270,chaos,1711642922.6171782
Divine Orb,278,chaos,1711642922.6171782
Divine Orb,280,chaos,1711642922.6171782
Divine Orb,280,chaos,1711642922.6171782
Divine Orb,289,chaos,1711642922.6171782
Divine Orb,290,chaos,1711642922.6171782
Divine Orb,290,chaos,1711642922.6171782
Divine Orb,290,chaos,1711642922.6171782
Mirror of Kalandra,1180,divine,1711643154.1568377
Mirror of Kalandra,1182,divine,1711643154.1568377
Mirror of Kalandra,1185,divine,1711643154.1568377
Mirror of Kalandra,1185,divine,1711643154.1568377
Mirror of Kalandra,1190,divine,1711643154.1568377
Mirror of Kalandra,1190,divine,1711643154.1568377
Mirror of Kalandra,1190,divine,1711643154.1568377
Mirror of Kalandra,1190,divine,1711643154.1568377
Mirror of Kalandra,1199,divine,1711643154.1568377
Mirror of Kalandra,1199,divine,1711643154.1568377
Divine Orb,1,divine,1711643155.644171
Divine Orb,255,chaos,1711643155.644171
Divine Orb,270,chaos,1711643155.644171
Divine Orb,270,chaos,1711643155.644171
Divine Orb,278,chaos,1711643155.644171
Divine Orb,280,chaos,1711643155.644171
Divine Orb,280,chaos,1711643155.644171
Divine Orb,289,chaos,1711643155.644171
Divine Orb,290,chaos,1711643155.644171
Divine Orb,290,chaos,1711643155.644171
Mirror of Kalandra,1180,divine,1711643291.8682985
Mirror of Kalandra,1182,divine,1711643291.8682985
Mirror of Kalandra,1185,divine,1711643291.8682985
Mirror of Kalandra,1185,divine,1711643291.8682985
Mirror of Kalandra,1190,divine,1711643291.8682985
Mirror of Kalandra,1190,divine,1711643291.8682985
Mirror of Kalandra,1190,divine,1711643291.8682985
Mirror of Kalandra,1190,divine,1711643291.8682985
Mirror of Kalandra,1190,divine,1711643291.8682985
Mirror of Kalandra,1199,divine,1711643291.8682985
Divine Orb,1,divine,1711643293.338609
Divine Orb,278,chaos,1711643293.338609
Divine Orb,280,chaos,1711643293.338609
Divine Orb,280,chaos,1711643293.338609
Divine Orb,289,chaos,1711643293.338609
Divine Orb,290,chaos,1711643293.338609
Divine Orb,290,chaos,1711643293.338609
Divine Orb,290,chaos,1711643293.338609
Divine Orb,290,chaos,1711643293.338609
Divine Orb,294,chaos,1711643293.338609
Mirror of Kalandra,1180,divine,1711643334.447839
Mirror of Kalandra,1182,divine,1711643334.447839
Mirror of Kalandra,1185,divine,1711643334.447839
Mirror of Kalandra,1185,divine,1711643334.447839
Mirror of Kalandra,1190,divine,1711643334.447839
Mirror of Kalandra,1190,divine,1711643334.447839
Mirror of Kalandra,1190,divine,1711643334.447839
Mirror of Kalandra,1190,divine,1711643334.447839
Mirror of Kalandra,1190,divine,1711643334.447839
Mirror of Kalandra,1199,divine,1711643334.447839
Divine Orb,1,divine,1711643335.712123
Divine Orb,260,chaos,1711643335.712123
Divine Orb,280,chaos,1711643335.712123
Divine Orb,280,chaos,1711643335.712123
Divine Orb,289,chaos,1711643335.712123
Divine Orb,290,chaos,1711643335.712123
Divine Orb,290,chaos,1711643335.712123
Divine Orb,290,chaos,1711643335.712123
Divine Orb,290,chaos,1711643335.712123
Divine Orb,294,chaos,1711643335.712123
Mirror of Kalandra,1180,divine,1711643526.4850192
Mirror of Kalandra,1182,divine,1711643526.4850192
Mirror of Kalandra,1185,divine,1711643526.4850192
Mirror of Kalandra,1185,divine,1711643526.4850192
Mirror of Kalandra,1190,divine,1711643526.4850192
Mirror of Kalandra,1190,divine,1711643526.4850192
Mirror of Kalandra,1190,divine,1711643526.4850192
Mirror of Kalandra,1190,divine,1711643526.4850192
Mirror of Kalandra,1190,divine,1711643526.4850192
Mirror of Kalandra,1199,divine,1711643526.4850192
Divine Orb,1,divine,1711643527.754304
Divine Orb,280,chaos,1711643527.754304
Divine Orb,289,chaos,1711643527.754304
Divine Orb,290,chaos,1711643527.754304
Divine Orb,290,chaos,1711643527.754304
Divine Orb,290,chaos,1711643527.754304
Divine Orb,290,chaos,1711643527.754304
Divine Orb,291,chaos,1711643527.754304
Divine Orb,294,chaos,1711643527.754304
Divine Orb,294,chaos,1711643527.754304
Mirror of Kalandra,1180,divine,1711643589.1677015
Mirror of Kalandra,1182,divine,1711643589.1677015
Mirror of Kalandra,1185,divine,1711643589.1677015
Mirror of Kalandra,1185,divine,1711643589.1677015
Mirror of Kalandra,1190,divine,1711643589.1677015
Mirror of Kalandra,1190,divine,1711643589.1677015
Mirror of Kalandra,1190,divine,1711643589.1677015
Mirror of Kalandra,1190,divine,1711643589.1677015
Mirror of Kalandra,1190,divine,1711643589.1677015
Mirror of Kalandra,1199,divine,1711643589.1677015
Divine Orb,1,divine,1711643590.6080244
Divine Orb,280,chaos,1711643590.6080244
Divine Orb,289,chaos,1711643590.6080244
Divine Orb,290,chaos,1711643590.6080244
Divine Orb,290,chaos,1711643590.6080244
Divine Orb,290,chaos,1711643590.6080244
Divine Orb,290,chaos,1711643590.6080244
Divine Orb,291,chaos,1711643590.6080244
Divine Orb,294,chaos,1711643590.6080244
Divine Orb,294,chaos,1711643590.6080244
Mirror of Kalandra,1180,divine,1711643725.6003096
Mirror of Kalandra,1182,divine,1711643725.6003096
Mirror of Kalandra,1185,divine,1711643725.6003096
Mirror of Kalandra,1185,divine,1711643725.6003096
Mirror of Kalandra,1190,divine,1711643725.6003096
Mirror of Kalandra,1190,divine,1711643725.6003096
Mirror of Kalandra,1190,divine,1711643725.6003096
Mirror of Kalandra,1190,divine,1711643725.6003096
Mirror of Kalandra,1190,divine,1711643725.6003096
Mirror of Kalandra,1199,divine,1711643725.6003096
Divine Orb,1,divine,1711643727.0346313
Divine Orb,270,chaos,1711643727.0346313
Divine Orb,275,chaos,1711643727.0346313
Divine Orb,280,chaos,1711643727.0346313
Divine Orb,289,chaos,1711643727.0346313
Divine Orb,290,chaos,1711643727.0346313
Divine Orb,290,chaos,1711643727.0346313
Divine Orb,290,chaos,1711643727.0346313
Divine Orb,290,chaos,1711643727.0346313
Divine Orb,291,chaos,1711643727.0346313
Mirror of Kalandra,1180,divine,1711643875.5685244
Mirror of Kalandra,1184,divine,1711643875.5685244
Mirror of Kalandra,1185,divine,1711643875.5685244
Mirror of Kalandra,1190,divine,1711643875.5685244
Mirror of Kalandra,1190,divine,1711643875.5685244
Mirror of Kalandra,1190,divine,1711643875.5685244
Mirror of Kalandra,1190,divine,1711643875.5685244
Mirror of Kalandra,1190,divine,1711643875.5685244
Mirror of Kalandra,1199,divine,1711643875.5685244
Mirror of Kalandra,1199,divine,1711643875.5685244
Divine Orb,1,divine,1711643876.8318074
Divine Orb,270,chaos,1711643876.8318074
Divine Orb,280,chaos,1711643876.8318074
Divine Orb,289,chaos,1711643876.8318074
Divine Orb,290,chaos,1711643876.8318074
Divine Orb,290,chaos,1711643876.8318074
Divine Orb,290,chaos,1711643876.8318074
Divine Orb,290,chaos,1711643876.8318074
Divine Orb,291,chaos,1711643876.8318074
Divine Orb,294,chaos,1711643876.8318074
Mirror of Kalandra,1180,divine,1711643937.969838
Mirror of Kalandra,1184,divine,1711643937.969838
Mirror of Kalandra,1185,divine,1711643937.969838
Mirror of Kalandra,1190,divine,1711643937.969838
Mirror of Kalandra,1190,divine,1711643937.969838
Mirror of Kalandra,1190,divine,1711643937.969838
Mirror of Kalandra,1190,divine,1711643937.969838
Mirror of Kalandra,1190,divine,1711643937.969838
Mirror of Kalandra,1199,divine,1711643937.969838
Mirror of Kalandra,1199,divine,1711643937.969838
Divine Orb,1,divine,1711643939.3941562
Divine Orb,270,chaos,1711643939.3941562
Divine Orb,280,chaos,1711643939.3941562
Divine Orb,289,chaos,1711643939.3941562
Divine Orb,290,chaos,1711643939.3941562
Divine Orb,290,chaos,1711643939.3941562
Divine Orb,290,chaos,1711643939.3941562
Divine Orb,290,chaos,1711643939.3941562
Divine Orb,291,chaos,1711643939.3941562
Divine Orb,294,chaos,1711643939.3941562
